<?xml version="1.0" encoding="UTF-8"?>
<beans xmlns="http://www.springframework.org/schema/beans" 
xmlns:xsi="http://www.w3.org/2001/XMLSchema-instance"
 xmlns:context="http://www.springframework.org/schema/context" 
 xsi:schemaLocation="http://www.springframework.org/schema/beans 
   http://www.springframework.org/schema/beans/spring-beans.xsd  
   http://www.springframework.org/schema/context 
    http://www.springframework.org/schema/context/springcontext.xsd">
    <bean id="student1" class="Student">
       <constructor-arg value="101"></constructor-arg>
        <constructor-arg value="Shahnawaz Shaikh"></constructor-arg>
    </bean>
    <bean id="courseObject" factory-method="getInstance" class="Student">
       <constructor-arg type="int" value="401"></constructor-arg>
       <constructor-arg type="java.lang.String" value="Computer Science Engineering"></constructor-arg>
    </bean>
    
  </beans>